model_key	revision	bytes	sha256	snapshot_relative_path	source_manifest_sha256	public_status
bge_m3	5617a9f61b028005a4858fdac845db406aefb181	191	e54c164a07274f2eb45bb724f54a79d1efcc90c41573887cd9a29aeee0597352	1_Pooling/config.json	b7ff885e6c1037682f504caecbdc238734e5fcd1a02d6dfac1f64ee1dae98543	EXACT_FILE_HASH_ROWS_PATH_SANITIZED; model weights not redistributed
bge_m3	5617a9f61b028005a4858fdac845db406aefb181	15822	0b81ccf9134e5874d620a86e6905062ea999e779c34eb1a7e65eaeb7fe00e450	README.md	b7ff885e6c1037682f504caecbdc238734e5fcd1a02d6dfac1f64ee1dae98543	EXACT_FILE_HASH_ROWS_PATH_SANITIZED; model weights not redistributed
bge_m3	5617a9f61b028005a4858fdac845db406aefb181	687	26159e7ad065073448460117eb24b7a4572f6f4e78eadff65dc0a11c052449fa	config.json	b7ff885e6c1037682f504caecbdc238734e5fcd1a02d6dfac1f64ee1dae98543	EXACT_FILE_HASH_ROWS_PATH_SANITIZED; model weights not redistributed
bge_m3	5617a9f61b028005a4858fdac845db406aefb181	123	1eef72430e7194a1e59680e635aed81ffa083f05668dbc5bb1c56c04c0999c38	config_sentence_transformers.json	b7ff885e6c1037682f504caecbdc238734e5fcd1a02d6dfac1f64ee1dae98543	EXACT_FILE_HASH_ROWS_PATH_SANITIZED; model weights not redistributed
bge_m3	5617a9f61b028005a4858fdac845db406aefb181	349	84e40c8e006c9b1d6c122e02cba9b02458120b5fb0c87b746c41e0207cf642cf	modules.json	b7ff885e6c1037682f504caecbdc238734e5fcd1a02d6dfac1f64ee1dae98543	EXACT_FILE_HASH_ROWS_PATH_SANITIZED; model weights not redistributed
bge_m3	5617a9f61b028005a4858fdac845db406aefb181	2271145830	b5e0ce3470abf5ef3831aa1bd5553b486803e83251590ab7ff35a117cf6aad38	pytorch_model.bin	b7ff885e6c1037682f504caecbdc238734e5fcd1a02d6dfac1f64ee1dae98543	EXACT_FILE_HASH_ROWS_PATH_SANITIZED; model weights not redistributed
bge_m3	5617a9f61b028005a4858fdac845db406aefb181	54	eb9b44b13c0f52a3b3685c3b1cbdea1ba8b04bea123b98f61610048940776eb1	sentence_bert_config.json	b7ff885e6c1037682f504caecbdc238734e5fcd1a02d6dfac1f64ee1dae98543	EXACT_FILE_HASH_ROWS_PATH_SANITIZED; model weights not redistributed
bge_m3	5617a9f61b028005a4858fdac845db406aefb181	5069051	cfc8146abe2a0488e9e2a0c56de7952f7c11ab059eca145a0a727afce0db2865	sentencepiece.bpe.model	b7ff885e6c1037682f504caecbdc238734e5fcd1a02d6dfac1f64ee1dae98543	EXACT_FILE_HASH_ROWS_PATH_SANITIZED; model weights not redistributed
bge_m3	5617a9f61b028005a4858fdac845db406aefb181	964	8c785abebea9ae3257b61681b4e6fd8365ceafde980c21970d001e834cf10835	special_tokens_map.json	b7ff885e6c1037682f504caecbdc238734e5fcd1a02d6dfac1f64ee1dae98543	EXACT_FILE_HASH_ROWS_PATH_SANITIZED; model weights not redistributed
bge_m3	5617a9f61b028005a4858fdac845db406aefb181	17098108	21106b6d7dab2952c1d496fb21d5dc9db75c28ed361a05f5020bbba27810dd08	tokenizer.json	b7ff885e6c1037682f504caecbdc238734e5fcd1a02d6dfac1f64ee1dae98543	EXACT_FILE_HASH_ROWS_PATH_SANITIZED; model weights not redistributed
bge_m3	5617a9f61b028005a4858fdac845db406aefb181	444	a62b2b6784f990259fddef5f16388693a8043be4f69179e6a5257eeb3f9abac4	tokenizer_config.json	b7ff885e6c1037682f504caecbdc238734e5fcd1a02d6dfac1f64ee1dae98543	EXACT_FILE_HASH_ROWS_PATH_SANITIZED; model weights not redistributed
qwen3_0_6b	97b0c614be4d77ee51c0cef4e5f07c00f9eb65b3	313	37bf193fa101f19101bfad9c31d3eb0f786e247b7b1e5cb7f007d730eed1ddbd	1_Pooling/config.json	b7ff885e6c1037682f504caecbdc238734e5fcd1a02d6dfac1f64ee1dae98543	EXACT_FILE_HASH_ROWS_PATH_SANITIZED; model weights not redistributed
qwen3_0_6b	97b0c614be4d77ee51c0cef4e5f07c00f9eb65b3	17237	c34d9b7e5a267ad3fdd13227a253686bc90844ff4744a2a6a86c7c905e3d06f3	README.md	b7ff885e6c1037682f504caecbdc238734e5fcd1a02d6dfac1f64ee1dae98543	EXACT_FILE_HASH_ROWS_PATH_SANITIZED; model weights not redistributed
qwen3_0_6b	97b0c614be4d77ee51c0cef4e5f07c00f9eb65b3	727	b5bf1f51fc45be473a54718cef92448d90a1be001bf9b9a44b8c7f10a19feaa9	config.json	b7ff885e6c1037682f504caecbdc238734e5fcd1a02d6dfac1f64ee1dae98543	EXACT_FILE_HASH_ROWS_PATH_SANITIZED; model weights not redistributed
qwen3_0_6b	97b0c614be4d77ee51c0cef4e5f07c00f9eb65b3	215	10667c72ddb772627bf1780cb7f86af8e2ae0032b8c243c731172064105c6961	config_sentence_transformers.json	b7ff885e6c1037682f504caecbdc238734e5fcd1a02d6dfac1f64ee1dae98543	EXACT_FILE_HASH_ROWS_PATH_SANITIZED; model weights not redistributed
qwen3_0_6b	97b0c614be4d77ee51c0cef4e5f07c00f9eb65b3	1671853	8831e4f1a044471340f7c0a83d7bd71306a5b867e95fd870f74d0c5308a904d5	merges.txt	b7ff885e6c1037682f504caecbdc238734e5fcd1a02d6dfac1f64ee1dae98543	EXACT_FILE_HASH_ROWS_PATH_SANITIZED; model weights not redistributed
qwen3_0_6b	97b0c614be4d77ee51c0cef4e5f07c00f9eb65b3	1191586416	0437e45c94563b09e13cb7a64478fc406947a93cb34a7e05870fc8dcd48e23fd	model.safetensors	b7ff885e6c1037682f504caecbdc238734e5fcd1a02d6dfac1f64ee1dae98543	EXACT_FILE_HASH_ROWS_PATH_SANITIZED; model weights not redistributed
qwen3_0_6b	97b0c614be4d77ee51c0cef4e5f07c00f9eb65b3	349	84e40c8e006c9b1d6c122e02cba9b02458120b5fb0c87b746c41e0207cf642cf	modules.json	b7ff885e6c1037682f504caecbdc238734e5fcd1a02d6dfac1f64ee1dae98543	EXACT_FILE_HASH_ROWS_PATH_SANITIZED; model weights not redistributed
qwen3_0_6b	97b0c614be4d77ee51c0cef4e5f07c00f9eb65b3	11423705	def76fb086971c7867b829c23a26261e38d9d74e02139253b38aeb9df8b4b50a	tokenizer.json	b7ff885e6c1037682f504caecbdc238734e5fcd1a02d6dfac1f64ee1dae98543	EXACT_FILE_HASH_ROWS_PATH_SANITIZED; model weights not redistributed
qwen3_0_6b	97b0c614be4d77ee51c0cef4e5f07c00f9eb65b3	9706	253153d0738ceb4c668d2eff957714dd2bea0b56de772a9fdccd96cbf517e6a0	tokenizer_config.json	b7ff885e6c1037682f504caecbdc238734e5fcd1a02d6dfac1f64ee1dae98543	EXACT_FILE_HASH_ROWS_PATH_SANITIZED; model weights not redistributed
qwen3_0_6b	97b0c614be4d77ee51c0cef4e5f07c00f9eb65b3	2776833	ca10d7e9fb3ed18575dd1e277a2579c16d108e32f27439684afa0e10b1440910	vocab.json	b7ff885e6c1037682f504caecbdc238734e5fcd1a02d6dfac1f64ee1dae98543	EXACT_FILE_HASH_ROWS_PATH_SANITIZED; model weights not redistributed
sapbert	090663c3ae57bf35ffe4d0d468a2a88d03051a4d	462	c0fa35def52bf7d81865d23dba0417fdbb67d416fdde70cae5c7beab476b584e	config.json	b7ff885e6c1037682f504caecbdc238734e5fcd1a02d6dfac1f64ee1dae98543	EXACT_FILE_HASH_ROWS_PATH_SANITIZED; model weights not redistributed
sapbert	090663c3ae57bf35ffe4d0d468a2a88d03051a4d	437955508	a4696930afef9aab296196d3d2142216c44cba24f21b4f285ceca7af21025614	model.safetensors	b7ff885e6c1037682f504caecbdc238734e5fcd1a02d6dfac1f64ee1dae98543	EXACT_FILE_HASH_ROWS_PATH_SANITIZED; model weights not redistributed
sapbert	090663c3ae57bf35ffe4d0d468a2a88d03051a4d	112	303df45a03609e4ead04bc3dc1536d0ab19b5358db685b6f3da123d05ec200e3	special_tokens_map.json	b7ff885e6c1037682f504caecbdc238734e5fcd1a02d6dfac1f64ee1dae98543	EXACT_FILE_HASH_ROWS_PATH_SANITIZED; model weights not redistributed
sapbert	090663c3ae57bf35ffe4d0d468a2a88d03051a4d	198	76eb84b4b5b0d1bdba02906d7fae249be541c41d72e2024094aea513f98f2be7	tokenizer_config.json	b7ff885e6c1037682f504caecbdc238734e5fcd1a02d6dfac1f64ee1dae98543	EXACT_FILE_HASH_ROWS_PATH_SANITIZED; model weights not redistributed
sapbert	090663c3ae57bf35ffe4d0d468a2a88d03051a4d	226150	79489a52be45e6fa033521e8ce8e4f62aedc0a742ee2aa6fc04667e5b0b1454d	vocab.txt	b7ff885e6c1037682f504caecbdc238734e5fcd1a02d6dfac1f64ee1dae98543	EXACT_FILE_HASH_ROWS_PATH_SANITIZED; model weights not redistributed
biomedbert	e1354b7a3a09615f6aba48dfad4b7a613eef7062	385	56bab767c02bc792897638feb8addc06d483d9c73769a5f554bbabea1f5507a1	config.json	b7ff885e6c1037682f504caecbdc238734e5fcd1a02d6dfac1f64ee1dae98543	EXACT_FILE_HASH_ROWS_PATH_SANITIZED; model weights not redistributed
biomedbert	e1354b7a3a09615f6aba48dfad4b7a613eef7062	440474434	ad7bbb66376cfd6b2db3447192b034efe016337cbef135c35c411fd61b13c193	pytorch_model.bin	b7ff885e6c1037682f504caecbdc238734e5fcd1a02d6dfac1f64ee1dae98543	EXACT_FILE_HASH_ROWS_PATH_SANITIZED; model weights not redistributed
biomedbert	e1354b7a3a09615f6aba48dfad4b7a613eef7062	28	53b6f42b8b8daddbdc6d3532c324187a92b46c1602bd6e8d4ad5a413b4fc90e1	tokenizer_config.json	b7ff885e6c1037682f504caecbdc238734e5fcd1a02d6dfac1f64ee1dae98543	EXACT_FILE_HASH_ROWS_PATH_SANITIZED; model weights not redistributed
biomedbert	e1354b7a3a09615f6aba48dfad4b7a613eef7062	226150	79489a52be45e6fa033521e8ce8e4f62aedc0a742ee2aa6fc04667e5b0b1454d	vocab.txt	b7ff885e6c1037682f504caecbdc238734e5fcd1a02d6dfac1f64ee1dae98543	EXACT_FILE_HASH_ROWS_PATH_SANITIZED; model weights not redistributed
medcpt_query	d83a36cc6b8e3a5c5e9d9d6ba156808c1643dcbc	74	691a5ce0135045c12b8410af8d472ff8de864094df40ac9af418d6c644c7588d	added_tokens.json	b7ff885e6c1037682f504caecbdc238734e5fcd1a02d6dfac1f64ee1dae98543	EXACT_FILE_HASH_ROWS_PATH_SANITIZED; model weights not redistributed
medcpt_query	d83a36cc6b8e3a5c5e9d9d6ba156808c1643dcbc	608	3fea00b31d018d676d6b7e2f6cddcfe1abc69bcb88f5f09f51b848212e1671d1	config.json	b7ff885e6c1037682f504caecbdc238734e5fcd1a02d6dfac1f64ee1dae98543	EXACT_FILE_HASH_ROWS_PATH_SANITIZED; model weights not redistributed
medcpt_query	d83a36cc6b8e3a5c5e9d9d6ba156808c1643dcbc	437951328	19d78c0d5eaee2f81e6c47c5425bbadcc0c6af016cbb5da4a000d64e59d6e342	model.safetensors	b7ff885e6c1037682f504caecbdc238734e5fcd1a02d6dfac1f64ee1dae98543	EXACT_FILE_HASH_ROWS_PATH_SANITIZED; model weights not redistributed
medcpt_query	d83a36cc6b8e3a5c5e9d9d6ba156808c1643dcbc	125	b6d346be366a7d1d48332dbc9fdf3bf8960b5d879522b7799ddba59e76237ee3	special_tokens_map.json	b7ff885e6c1037682f504caecbdc238734e5fcd1a02d6dfac1f64ee1dae98543	EXACT_FILE_HASH_ROWS_PATH_SANITIZED; model weights not redistributed
medcpt_query	d83a36cc6b8e3a5c5e9d9d6ba156808c1643dcbc	706277	6e046044df8a2fcedb10607075dca187cae61d806c0d80a96c5b81017edc90c9	tokenizer.json	b7ff885e6c1037682f504caecbdc238734e5fcd1a02d6dfac1f64ee1dae98543	EXACT_FILE_HASH_ROWS_PATH_SANITIZED; model weights not redistributed
medcpt_query	d83a36cc6b8e3a5c5e9d9d6ba156808c1643dcbc	1488	cabeefb4bbba68c42d40a56bfc1e73dd2e5dfb6e0ca90a66349519c375452d1e	tokenizer_config.json	b7ff885e6c1037682f504caecbdc238734e5fcd1a02d6dfac1f64ee1dae98543	EXACT_FILE_HASH_ROWS_PATH_SANITIZED; model weights not redistributed
medcpt_query	d83a36cc6b8e3a5c5e9d9d6ba156808c1643dcbc	226150	79489a52be45e6fa033521e8ce8e4f62aedc0a742ee2aa6fc04667e5b0b1454d	vocab.txt	b7ff885e6c1037682f504caecbdc238734e5fcd1a02d6dfac1f64ee1dae98543	EXACT_FILE_HASH_ROWS_PATH_SANITIZED; model weights not redistributed
medcpt_article	d05a736da4bb84ee4057b7f7999485be6ed85465	74	691a5ce0135045c12b8410af8d472ff8de864094df40ac9af418d6c644c7588d	added_tokens.json	b7ff885e6c1037682f504caecbdc238734e5fcd1a02d6dfac1f64ee1dae98543	EXACT_FILE_HASH_ROWS_PATH_SANITIZED; model weights not redistributed
medcpt_article	d05a736da4bb84ee4057b7f7999485be6ed85465	608	3fea00b31d018d676d6b7e2f6cddcfe1abc69bcb88f5f09f51b848212e1671d1	config.json	b7ff885e6c1037682f504caecbdc238734e5fcd1a02d6dfac1f64ee1dae98543	EXACT_FILE_HASH_ROWS_PATH_SANITIZED; model weights not redistributed
medcpt_article	d05a736da4bb84ee4057b7f7999485be6ed85465	437951328	a5d5ffe4d8666c1d0aa15f371b94fc3492ca8f927e5621abd4b3ee9fc845b0f3	model.safetensors	b7ff885e6c1037682f504caecbdc238734e5fcd1a02d6dfac1f64ee1dae98543	EXACT_FILE_HASH_ROWS_PATH_SANITIZED; model weights not redistributed
medcpt_article	d05a736da4bb84ee4057b7f7999485be6ed85465	125	b6d346be366a7d1d48332dbc9fdf3bf8960b5d879522b7799ddba59e76237ee3	special_tokens_map.json	b7ff885e6c1037682f504caecbdc238734e5fcd1a02d6dfac1f64ee1dae98543	EXACT_FILE_HASH_ROWS_PATH_SANITIZED; model weights not redistributed
medcpt_article	d05a736da4bb84ee4057b7f7999485be6ed85465	706277	6e046044df8a2fcedb10607075dca187cae61d806c0d80a96c5b81017edc90c9	tokenizer.json	b7ff885e6c1037682f504caecbdc238734e5fcd1a02d6dfac1f64ee1dae98543	EXACT_FILE_HASH_ROWS_PATH_SANITIZED; model weights not redistributed
medcpt_article	d05a736da4bb84ee4057b7f7999485be6ed85465	1488	cabeefb4bbba68c42d40a56bfc1e73dd2e5dfb6e0ca90a66349519c375452d1e	tokenizer_config.json	b7ff885e6c1037682f504caecbdc238734e5fcd1a02d6dfac1f64ee1dae98543	EXACT_FILE_HASH_ROWS_PATH_SANITIZED; model weights not redistributed
medcpt_article	d05a736da4bb84ee4057b7f7999485be6ed85465	226150	79489a52be45e6fa033521e8ce8e4f62aedc0a742ee2aa6fc04667e5b0b1454d	vocab.txt	b7ff885e6c1037682f504caecbdc238734e5fcd1a02d6dfac1f64ee1dae98543	EXACT_FILE_HASH_ROWS_PATH_SANITIZED; model weights not redistributed
