panel	figure	question_or_role	selection_and_denominator	source_path	source_sha256	source_row_n	analysis_paths_in_GitHub	analysis_sha256	analysis_provenance_status
Fig1a	Fig1	Study questions and analysis layers	Schematic; no numerical fitting	NOT_APPLICABLE_SCHEMATIC		0	schematic; no quantitative analysis	not_applicable	FROZEN_SOURCE_CURRENT
Fig1b	Fig1	Perturbation-context information retention	R1 broad readout/retrieval plus frozen sci-Plex 3 fine readout	sources/r1/result1_classification_macro.tsv	4f48b647c18c7ae0a6c028bacb7837a5adaf538030c26445825bda1061fe860d	153	src/r1/r1_full_pipeline.py;src/fine/code/run_information_fidelity_v1.py	60922d42cb94338a38f29208e2dd9ae14da2d712c945a7b86fcb9f178d2b3fcc;9532ec8d0e80eb3471ebb71b5254763a1b5742bb2b862741ec14b2cbc920a660	FROZEN_SOURCE_CURRENT
Fig1b	Fig1	Perturbation-context information retention	R1 broad readout/retrieval plus frozen sci-Plex 3 fine readout	sources/r1/result1_retrieval_macro.tsv	85156d625aeb69f4d5a87efa718d3e9ca30168acb62ea58ad0c624c65772bf2a	27	src/r1/r1_full_pipeline.py;src/fine/code/run_information_fidelity_v1.py	60922d42cb94338a38f29208e2dd9ae14da2d712c945a7b86fcb9f178d2b3fcc;9532ec8d0e80eb3471ebb71b5254763a1b5742bb2b862741ec14b2cbc920a660	FROZEN_SOURCE_CURRENT
Fig1b	Fig1	Perturbation-context information retention	R1 broad readout/retrieval plus frozen sci-Plex 3 fine readout	sources/deep/legacy/deep/r1_r2/r1b_complete_dose_accuracy.tsv	94b95913e64c041131d8ac64bc4119ec24f2366c459f731d1c94f114f4b13b5b	9	src/r1/r1_full_pipeline.py;src/fine/code/run_information_fidelity_v1.py	60922d42cb94338a38f29208e2dd9ae14da2d712c945a7b86fcb9f178d2b3fcc;9532ec8d0e80eb3471ebb71b5254763a1b5742bb2b862741ec14b2cbc920a660	FROZEN_SOURCE_CURRENT
Fig1b	Fig1	Perturbation-context information retention	R1 broad readout/retrieval plus frozen sci-Plex 3 fine readout	sources/deep/legacy/deep/r1_r2/r1b_complete_to_entity_retrieval.tsv	bf14f0becef62646190d320a41b0e7a31868d11d0763c21096ef9dd138933716	9	src/r1/r1_full_pipeline.py;src/fine/code/run_information_fidelity_v1.py	60922d42cb94338a38f29208e2dd9ae14da2d712c945a7b86fcb9f178d2b3fcc;9532ec8d0e80eb3471ebb71b5254763a1b5742bb2b862741ec14b2cbc920a660	FROZEN_SOURCE_CURRENT
Fig1c	Fig1	Exposure addition: readout, local response neighbours and global geometry	Common 2250-condition sci-Plex 3 cohort; 6 encoders x 3 cell lines x 2 contrasts	sources/deep/R1/r1_paired_changes.tsv	96b0c203f08cd05ac2ee561037567751829f2e0b374d7f7056391bd0edc68922	72	src/fine/code/run_information_fidelity_v1.py;src/fine/code/run_effect_alignment_v1.py	9532ec8d0e80eb3471ebb71b5254763a1b5742bb2b862741ec14b2cbc920a660;cf802067764510e41390e5b2c74ea9fe2c9c4f2d481f1e45767f01ed4c4841d3	FROZEN_SOURCE_CURRENT
Fig1d	Fig1	Nine-dataset text-response correspondence	Corrected R2; 9054 response atoms; absolute dataset heterogeneity emphasized	sources/r2/R2_FIG1D_RSA_MATRIX_v2.tsv	3dbb5c8eccae85013b459240435fff415ee163fe3be21338e25c7c3f93fd242b	9	src/r2/alignment/run_r2_primary_paper_closure_v2.py;src/r2/alignment/run_r2_text_response_alignment_metrics_v1.py	1dbe15fb32db451f3667ae4d01fe87f1af474a5571946a6b979800193ab130ff;a3c25c6caf2429d6baf5c7c2fea6f16d2b8f5b712a7bad50495aafbab3189898	FROZEN_SOURCE_CURRENT
Fig1d	Fig1	Nine-dataset text-response correspondence	Corrected R2; 9054 response atoms; absolute dataset heterogeneity emphasized	sources/r2/R2_FIG1D_NDCG_GAIN_MATCHED_RANDOM_MATRIX_v2.tsv	ca0d716bf85b1ea3cce507c2b61012c3a72d396113d3599ab8b22773e0a2b264	9	src/r2/alignment/run_r2_primary_paper_closure_v2.py;src/r2/alignment/run_r2_text_response_alignment_metrics_v1.py	1dbe15fb32db451f3667ae4d01fe87f1af474a5571946a6b979800193ab130ff;a3c25c6caf2429d6baf5c7c2fea6f16d2b8f5b712a7bad50495aafbab3189898	FROZEN_SOURCE_CURRENT
Fig1e	Fig1	Fixed-perturbation biological-context correspondence	918 fixed perturbation/exposure conditions across OP3, McFarland 2020 and sci-Plex 3; human-readable main labels	sources/r2/R2_CROSS_CONTEXT_DATASET_MODEL_VIEW_SUMMARY_v1.tsv	d30e36516f1a465673e12590573d77cb6ed08c43277d6ac45426742cb8f1d6ad	72	src/r2/alignment/run_r2_within_condition_cross_context_alignment_v1.py;src/r2/alignment/run_r2_cross_context_context_only_control_v1.py	ae0dcb8c5b0f24012ab6fe4e0d55db0c49c94fab0b4cf201a5a591c2edeb0495;b3f27af68f5dea43e16ccb6b081170c4ec65237000bc92e1dc2fb8dfd8823faa	FROZEN_SOURCE_CURRENT
Fig1e	Fig1	Fixed-perturbation biological-context correspondence	918 fixed perturbation/exposure conditions across OP3, McFarland 2020 and sci-Plex 3; human-readable main labels	sources/r2/R2_CROSS_CONTEXT_CONTEXT_ONLY_SUMMARY_v1.tsv	1bb0f91df206cdb3368b0695ded4fe4a8f974bcc4d4f53aaaf680615f4055ea7	36	src/r2/alignment/run_r2_within_condition_cross_context_alignment_v1.py;src/r2/alignment/run_r2_cross_context_context_only_control_v1.py	ae0dcb8c5b0f24012ab6fe4e0d55db0c49c94fab0b4cf201a5a591c2edeb0495;b3f27af68f5dea43e16ccb6b081170c4ec65237000bc92e1dc2fb8dfd8823faa	FROZEN_SOURCE_CURRENT
Fig2a	Fig2	Correct drug-mechanism matching versus length-balanced shuffles: response correspondence	57-drug cohort; 20 prespecified length-balanced derangements; six encoders	sources/v30/mechanism_length_balanced/geometry_macro_summary.tsv	ee62f8a369e8ac0dbc2f2852508509adb293ef33f9ebdeb48c9153f3e3c1fda8	132	src/v30/mechanism_length_balanced_control/mechanism_length_balanced_control_v1.py	68b04fffb8904559c0263ba44d5956ebd286f1c198d7b3dbd17a1508d1a5c53d	CURRENT_ANALYSIS_FROM_FROZEN_INPUTS
Fig2b	Fig2	The same length-balanced mechanism controls in fixed prediction	Same 57-drug cohort and frozen source-only predictor; 20 prespecified length-balanced controls	sources/v30/mechanism_length_balanced/prediction_macro_summary.tsv	0022932a205659940bfdc215e28055fcd9d342cac3cd4af4efc3bb07cbc509fb	132	src/v30/mechanism_length_balanced_control/mechanism_length_balanced_control_v1.py	68b04fffb8904559c0263ba44d5956ebd286f1c198d7b3dbd17a1508d1a5c53d	CURRENT_ANALYSIS_FROM_FROZEN_INPUTS
Fig2c	Fig2	OP3 alignment and prediction scorecard	6 cross-donor tasks; same six encoders; column-wise display only	sources/deep/R3/l2_l3_task_join.tsv	b31a5aa6d606b1c7a9a8da71ce86a70b51098b167f111929617287c5468e661f	36	src/paper/kaggle_matched/code/r3app/producer.py	5a9b55e13f96a0a13679d05bf3af0b2d761afa03d58b9b90e79e7bb89010335f	FROZEN_SOURCE_CURRENT
Fig2c	Fig2	OP3 alignment and prediction scorecard	6 cross-donor tasks; same six encoders; column-wise display only	sources/deep/R3/l2_macro_summary.tsv	ae83557ac35a7325c5b00e976abc7a0c1537b471f6e4ecaa2ad4c619875c6d1a	6	src/paper/kaggle_matched/code/r3app/producer.py	5a9b55e13f96a0a13679d05bf3af0b2d761afa03d58b9b90e79e7bb89010335f	FROZEN_SOURCE_CURRENT
Fig2c	Fig2	OP3 alignment and prediction scorecard	6 cross-donor tasks; same six encoders; column-wise display only	sources/deep/R3/l3_macro_summary.tsv	f1a1949a969ad9f31f8950a71439c4b65d9262208f3b35cb2e4bbe99012afd75	13	src/paper/kaggle_matched/code/r3app/producer.py	5a9b55e13f96a0a13679d05bf3af0b2d761afa03d58b9b90e79e7bb89010335f	FROZEN_SOURCE_CURRENT
Fig2d	Fig2	OP3 task-level alignment-prediction concordance	6 frozen cross-donor tasks; within-task Spearman across the same six encoders; descriptive only	sources/v30/op3/op3_task_level_concordance.tsv	7bd76053ff438e5b19eaf8d42d190ec7a0757df540f3026e8207ee743d759a44	24	src/v30/op3_task_concordance/run_op3_task_level_concordance_v1.py	4e1813afae881f2ea8e2923637d51b0eeb3416a7ef6033bc9f4454a2c5138c7b	CURRENT_TABLE_ONLY_RECOMPUTATION_FROM_FROZEN_RESULTS
FigS1a	FigS1	Fine dose readout and recalls	Original 2256 fine cohort; five entity folds	sources/deep/legacy/supp/result1/r1b_dose_fold_points.tsv	fa7b09660fb5057e1b27b5dafcc974ee973e54f56ea9d7613ff89cb3dc415318	45	src/fine/code/run_information_fidelity_v1.py	9532ec8d0e80eb3471ebb71b5254763a1b5742bb2b862741ec14b2cbc920a660	FROZEN_SOURCE_CURRENT
FigS1a	FigS1	Fine dose readout and recalls	Original 2256 fine cohort; five entity folds	sources/deep/legacy/supp/result1/r1c_true_dose_recall.tsv	ab2f2e14d33215d9490493c5f60ec63544dbc60e6a9b42fd6bfa0c166551c770	36	src/fine/code/run_information_fidelity_v1.py	9532ec8d0e80eb3471ebb71b5254763a1b5742bb2b862741ec14b2cbc920a660	FROZEN_SOURCE_CURRENT
FigS1b	FigS1	Fine anonymous-name sensitivity	Three fixed name mappings; not independent replicates	sources/deep/legacy/deep/r1_r2/r1b_complete_dose_accuracy.tsv	94b95913e64c041131d8ac64bc4119ec24f2366c459f731d1c94f114f4b13b5b	9	src/fine/code/run_anonymous_e01_e02_v1.py	d87b0012fa1da185d8e5f8b5284e69e67f0f7e3f113765f55308014d6bef5632	FROZEN_SOURCE_CURRENT
FigS1b	FigS1	Fine anonymous-name sensitivity	Three fixed name mappings; not independent replicates	sources/deep/legacy/deep/r1_r2/r1b_complete_to_entity_retrieval.tsv	bf14f0becef62646190d320a41b0e7a31868d11d0763c21096ef9dd138933716	9	src/fine/code/run_anonymous_e01_e02_v1.py	d87b0012fa1da185d8e5f8b5284e69e67f0f7e3f113765f55308014d6bef5632	FROZEN_SOURCE_CURRENT
FigS1b	FigS1	Fine anonymous-name sensitivity	Three fixed name mappings; not independent replicates	sources/deep/legacy/deep/r1_r2/r1d_anonymous_dose_changes.tsv	a5a94c6d9f0ddd2fefdf0d5156ee69fca299c336c27a6bbd2dc2ea6161626009	18	src/fine/code/run_anonymous_e01_e02_v1.py	d87b0012fa1da185d8e5f8b5284e69e67f0f7e3f113765f55308014d6bef5632	FROZEN_SOURCE_CURRENT
FigS1b	FigS1	Fine anonymous-name sensitivity	Three fixed name mappings; not independent replicates	sources/deep/legacy/supp/result1/anonymous_retrieval_summary.tsv	d157fcc38634ae49f96dc9f9bf7a7a1bf522b9d0773bd228846476acea27a845	243	src/fine/code/run_anonymous_e01_e02_v1.py	d87b0012fa1da185d8e5f8b5284e69e67f0f7e3f113765f55308014d6bef5632	FROZEN_SOURCE_CURRENT
FigS1c	FigS1	Four-view dose readout	Common 2250-condition cohort; three cell lines	sources/deep/R1/r1_base_metrics.tsv	45dac6fb59c60735816bfb43ca73afe3787e5157e69b14c5667ad59f148703dc	72	src/fine/code/run_information_fidelity_v1.py	9532ec8d0e80eb3471ebb71b5254763a1b5742bb2b862741ec14b2cbc920a660	FROZEN_SOURCE_CURRENT
FigS1c	FigS1	Four-view dose readout	Common 2250-condition cohort; three cell lines	sources/deep/R1/baseline_readout_reference.tsv	aaf07b3f59b387741c76808606a81568afafbe268e3696d27facc66ae5b4a8c0	36	src/fine/code/run_information_fidelity_v1.py	9532ec8d0e80eb3471ebb71b5254763a1b5742bb2b862741ec14b2cbc920a660	FROZEN_SOURCE_CURRENT
FigS1d	FigS1	Four predefined fine text increments	72 paired comparison records	sources/deep/R1/r1_paired_changes.tsv	96b0c203f08cd05ac2ee561037567751829f2e0b374d7f7056391bd0edc68922	72	src/fine/code/run_information_fidelity_v1.py;src/fine/code/run_effect_alignment_v1.py	9532ec8d0e80eb3471ebb71b5254763a1b5742bb2b862741ec14b2cbc920a660;cf802067764510e41390e5b2c74ea9fe2c9c4f2d481f1e45767f01ed4c4841d3	FROZEN_SOURCE_CURRENT
FigS2a	FigS2	Global versus fixed-group response geometry and baselines	Existing frozen sci-Plex 3 geometry scopes	sources/deep/legacy/deep/r1_r2/r2a_global_rsa.tsv	adf9ad7b66c718faa362be16477d9b15c3b9f2718367f0ce6a9674eee530fd5d	9	src/fine/code/run_effect_alignment_v1.py	cf802067764510e41390e5b2c74ea9fe2c9c4f2d481f1e45767f01ed4c4841d3	FROZEN_SOURCE_CURRENT
FigS2a	FigS2	Global versus fixed-group response geometry and baselines	Existing frozen sci-Plex 3 geometry scopes	sources/deep/legacy/deep/r1_r2/r2a_local_rsa_all_groups.tsv	60f9df984b590309725dde48f8bd025daa5f5629c495671b7c23df28fb154d4c	108	src/fine/code/run_effect_alignment_v1.py	cf802067764510e41390e5b2c74ea9fe2c9c4f2d481f1e45767f01ed4c4841d3	FROZEN_SOURCE_CURRENT
FigS2a	FigS2	Global versus fixed-group response geometry and baselines	Existing frozen sci-Plex 3 geometry scopes	sources/deep/R1/baseline_geometry_reference.tsv	fd7d165a1ed8bed4ca89654cdd89f8ac8d633338a81a986f2db4cbb73cdd9249	36	src/fine/code/run_effect_alignment_v1.py	cf802067764510e41390e5b2c74ea9fe2c9c4f2d481f1e45767f01ed4c4841d3	FROZEN_SOURCE_CURRENT
FigS2b	FigS2	Broad P1-P4 ablation	Corrected response-aligned text; paired dataset deltas	sources/r2/R2_P1P4_DELTA_BY_DATASET_v1.tsv	567c29d5db9835c28a90fa626e939d516b923c30b857a7ebf84ae75313ca7897	216	src/r2/alignment/run_r2_corrected_p1_p4_ablation_v1.py	2b6628e6fe8aa5b2960d4102d834c4df15a10565a3f6d97cc5b4495390237107	FROZEN_SOURCE_CURRENT
FigS2c	FigS2	Replicate query-level heterogeneity	4500 direction-query records; descriptive distribution	sources/deep/R2/replicate_neighbor_query_metrics.tsv	e170cb371a1bbb419cd54a618c340b4e03f58cbb665eb0d1c83a651f9bee0e8c	4500	src/paper/repeat_reference/code/run_r2.py	f232adff07db5c746b174e10a0c5ab746749f146a09cca3504c1ab5813f3ff38	FROZEN_SOURCE_CURRENT
FigS2d	FigS2	Replicate response-reliability group summary	12 cell-line-dose groups; measurement reference, not model ceiling	sources/deep/R2/replicate_geometry_consistency.tsv	b05e321835eceba0ff6cd58fb3c3b33d8a493d796164e7a55a4177e26027eb66	12	src/paper/repeat_reference/code/run_r2.py	f232adff07db5c746b174e10a0c5ab746749f146a09cca3504c1ab5813f3ff38	FROZEN_SOURCE_CURRENT
FigS2d	FigS2	Replicate response-reliability group summary	12 cell-line-dose groups; measurement reference, not model ceiling	sources/deep/R2/replicate_neighbor_group_summary.tsv	5dd20006b42705a25b9e0b8f2dd28052ce6722dc6a2fe1ddc738f956027427f6	24	src/paper/repeat_reference/code/run_r2.py	f232adff07db5c746b174e10a0c5ab746749f146a09cca3504c1ab5813f3ff38	FROZEN_SOURCE_CURRENT
FigS2e	FigS2	Broad aggregation sensitivity	Equal-dataset primary, 9 LODO summaries and response-atom-weighted alternative estimand	sources/v29/aggregation/equal_dataset_summary.tsv	30666bba730328041a96f01c42d84601450c9714191c80e324e8cc18f41c98bf	12	src/v29/aggregation_sensitivity/run_aggregation_sensitivity_v1.py	dba5f0d8ed701270401dfa0a87ec9f7a667e6a49f015fdb4d26d69a8a4d8fa61	CURRENT_ANALYSIS_FROM_FROZEN_INPUTS
FigS2e	FigS2	Broad aggregation sensitivity	Equal-dataset primary, 9 LODO summaries and response-atom-weighted alternative estimand	sources/v29/aggregation/leave_one_dataset_out_summary.tsv	f8767e402c8c6b59a08313e973fd27b4db9a2e9718d41e5f8b2c02ea75c2c2c0	108	src/v29/aggregation_sensitivity/run_aggregation_sensitivity_v1.py	dba5f0d8ed701270401dfa0a87ec9f7a667e6a49f015fdb4d26d69a8a4d8fa61	CURRENT_ANALYSIS_FROM_FROZEN_INPUTS
FigS2e	FigS2	Broad aggregation sensitivity	Equal-dataset primary, 9 LODO summaries and response-atom-weighted alternative estimand	sources/v29/aggregation/response_atom_weighted_summary.tsv	a453c6b2bce900c848527382fa28c32f94e2806755f20c1f2d470d867814c976	12	src/v29/aggregation_sensitivity/run_aggregation_sensitivity_v1.py	dba5f0d8ed701270401dfa0a87ec9f7a667e6a49f015fdb4d26d69a8a4d8fa61	CURRENT_ANALYSIS_FROM_FROZEN_INPUTS
FigS3a	FigS3	Within-condition context RSA	B/P2/BE/P4; 3 datasets; condition-equal means	sources/r2/R2_CROSS_CONTEXT_DATASET_MODEL_VIEW_SUMMARY_v1.tsv	d30e36516f1a465673e12590573d77cb6ed08c43277d6ac45426742cb8f1d6ad	72	src/r2/alignment/run_r2_within_condition_cross_context_alignment_v1.py;src/r2/alignment/run_r2_cross_context_context_only_control_v1.py	ae0dcb8c5b0f24012ab6fe4e0d55db0c49c94fab0b4cf201a5a591c2edeb0495;b3f27af68f5dea43e16ccb6b081170c4ec65237000bc92e1dc2fb8dfd8823faa	FROZEN_SOURCE_CURRENT
FigS3a	FigS3	Within-condition context RSA	B/P2/BE/P4; 3 datasets; condition-equal means	sources/r2/R2_CROSS_CONTEXT_CONTEXT_ONLY_SUMMARY_v1.tsv	1bb0f91df206cdb3368b0695ded4fe4a8f974bcc4d4f53aaaf680615f4055ea7	36	src/r2/alignment/run_r2_within_condition_cross_context_alignment_v1.py;src/r2/alignment/run_r2_cross_context_context_only_control_v1.py	ae0dcb8c5b0f24012ab6fe4e0d55db0c49c94fab0b4cf201a5a591c2edeb0495;b3f27af68f5dea43e16ccb6b081170c4ec65237000bc92e1dc2fb8dfd8823faa	FROZEN_SOURCE_CURRENT
FigS3b	FigS3	Nearest-context gain	Same frozen fixed-condition comparison	sources/r2/R2_CROSS_CONTEXT_DATASET_MODEL_VIEW_SUMMARY_v1.tsv	d30e36516f1a465673e12590573d77cb6ed08c43277d6ac45426742cb8f1d6ad	72	src/r2/alignment/run_r2_within_condition_cross_context_alignment_v1.py;src/r2/alignment/run_r2_cross_context_context_only_control_v1.py	ae0dcb8c5b0f24012ab6fe4e0d55db0c49c94fab0b4cf201a5a591c2edeb0495;b3f27af68f5dea43e16ccb6b081170c4ec65237000bc92e1dc2fb8dfd8823faa	FROZEN_SOURCE_CURRENT
FigS3b	FigS3	Nearest-context gain	Same frozen fixed-condition comparison	sources/r2/R2_CROSS_CONTEXT_CONTEXT_ONLY_SUMMARY_v1.tsv	1bb0f91df206cdb3368b0695ded4fe4a8f974bcc4d4f53aaaf680615f4055ea7	36	src/r2/alignment/run_r2_within_condition_cross_context_alignment_v1.py;src/r2/alignment/run_r2_cross_context_context_only_control_v1.py	ae0dcb8c5b0f24012ab6fe4e0d55db0c49c94fab0b4cf201a5a591c2edeb0495;b3f27af68f5dea43e16ccb6b081170c4ec65237000bc92e1dc2fb8dfd8823faa	FROZEN_SOURCE_CURRENT
FigS3c	FigS3	Perturbation-identity conditioning within fixed context	P2-B/P4-BE paired contrasts with condition bootstrap	sources/r2/R2_CROSS_CONTEXT_IDENTITY_CONDITIONING_GAIN_v1.tsv	9830ac9e4cbcfe6e89b34c98b56f3b246f6ba02fdb0fa335968b5b87d5e71d74	36	src/r2/alignment/run_r2_cross_context_context_only_control_v1.py	b3f27af68f5dea43e16ccb6b081170c4ec65237000bc92e1dc2fb8dfd8823faa	FROZEN_SOURCE_CURRENT
FigS4a	FigS4	Broad knowledge-text changes	8 datasets; frozen dataset bootstrap	sources/r2/R2_CORRECTED_P5A_DELTA_SUMMARY_v1_2.tsv	75cdfee0e7a0c6f84f37791379fc6464416b5c603fa27e617c9e95f5281d1338	6	src/r2/knowledge_native/run_r2_corrected_p5a_v1_2.py	a51e987abccb81153f9483c5cd5b8f6b6b4285964f6ab5827008335fd5987b98	FROZEN_SOURCE_CURRENT
FigS4a	FigS4	Broad knowledge-text changes	8 datasets; frozen dataset bootstrap	sources/r2/R2_CORRECTED_P5A_ALIGNMENT_BY_DATASET_v1_2.tsv	a2a4cd9c5b02add004b91f45a04006ed0a823fb155136c421d37c1b4b0583aaa	48	src/r2/knowledge_native/run_r2_corrected_p5a_v1_2.py	a51e987abccb81153f9483c5cd5b8f6b6b4285964f6ab5827008335fd5987b98	FROZEN_SOURCE_CURRENT
FigS4b	FigS4	Native-prior comparison and fixed fusion	33 common-coverage comparisons	sources/r2/R2_CORRECTED_NATIVE_FUSION_BY_COMPARISON_v1.tsv	e711dad84bb9e1c18a16555f5c6290b39ed7820861e7cb6dfd7e7cb10018e24f	33	src/r2/knowledge_native/run_r2_corrected_native_fusion_v1.py	06f9d9a68ef709dd2918bcbb7ddf61c3a10cd024e1b2ebe9154afb90ffa30e13	FROZEN_SOURCE_CURRENT
FigS4c	FigS4	Correct mechanism versus base by cell-line/dose group	57 drugs; 12 groups per encoder	sources/deep/legacy/deep/r3/paired_group_changes.tsv	438249545fa14ffe448da5344c01ab916061ae9c9ac4e6c02033022bd44e8140	576	src/fine/code/run_knowledge_alignment_v1.py	d575e78623ff58a584e21e01cc56d8bd74ed86f6ea73366f0d79ff47dcb467ed	FROZEN_SOURCE_CURRENT
FigS4d	FigS4	Global and length-balanced mechanism-shuffle sensitivity	20 prespecified global controls plus 20 prespecified length-balanced controls; drug bootstrap only where decomposable	sources/v29/mechanism/geometry_macro_summary.tsv	8be6f74e07b4df551cea4e8f504d7dc6937ba7607cf71bde614499e485c352cf	132	src/v29/mechanism_shuffled_control/mechanism_shuffled_control_v1.py	9a6e0544cba0e0067f80ba12df0a07c0df165c618b6e5047f935076ef9c71746	CURRENT_SENSITIVITY_ANALYSIS_FROM_FROZEN_INPUTS
FigS4d	FigS4	Global and length-balanced mechanism-shuffle sensitivity	20 prespecified global controls plus 20 prespecified length-balanced controls; drug bootstrap only where decomposable	sources/v29/mechanism/prediction_macro_summary.tsv	f5eaf02f9251daf8fc44d4af6f7b8099ab801341718f8fbe465a36d8ca8160f9	132	src/v29/mechanism_shuffled_control/mechanism_shuffled_control_v1.py	9a6e0544cba0e0067f80ba12df0a07c0df165c618b6e5047f935076ef9c71746	CURRENT_SENSITIVITY_ANALYSIS_FROM_FROZEN_INPUTS
FigS4d	FigS4	Global and length-balanced mechanism-shuffle sensitivity	20 prespecified global controls plus 20 prespecified length-balanced controls; drug bootstrap only where decomposable	sources/v30/mechanism_length_balanced/geometry_macro_summary.tsv	ee62f8a369e8ac0dbc2f2852508509adb293ef33f9ebdeb48c9153f3e3c1fda8	132	src/v30/mechanism_length_balanced_control/mechanism_length_balanced_control_v1.py	68b04fffb8904559c0263ba44d5956ebd286f1c198d7b3dbd17a1508d1a5c53d	CURRENT_ANALYSIS_FROM_FROZEN_INPUTS
FigS4d	FigS4	Global and length-balanced mechanism-shuffle sensitivity	20 prespecified global controls plus 20 prespecified length-balanced controls; drug bootstrap only where decomposable	sources/v30/mechanism_length_balanced/prediction_macro_summary.tsv	0022932a205659940bfdc215e28055fcd9d342cac3cd4af4efc3bb07cbc509fb	132	src/v30/mechanism_length_balanced_control/mechanism_length_balanced_control_v1.py	68b04fffb8904559c0263ba44d5956ebd286f1c198d7b3dbd17a1508d1a5c53d	CURRENT_ANALYSIS_FROM_FROZEN_INPUTS
FigS4d	FigS4	Global and length-balanced mechanism-shuffle sensitivity	20 prespecified global controls plus 20 prespecified length-balanced controls; drug bootstrap only where decomposable	sources/v30/mechanism_length_balanced/drug_level_bootstrap.tsv	72299c296a92c511b5b3b59aec2a70379535553e652257d88acda43d5bcb8bce	12	src/v30/mechanism_length_balanced_control/mechanism_length_balanced_control_v1.py	68b04fffb8904559c0263ba44d5956ebd286f1c198d7b3dbd17a1508d1a5c53d	CURRENT_ANALYSIS_FROM_FROZEN_INPUTS
FigS4e	FigS4	Mechanism, Morgan and target prediction gain plane	Historical matched-resource comparisons moved from v28 main figure	sources/deep/legacy/deep/e08/tableS3_display.tsv	fe8edc60a849b76fcb64ab2826eb9d640a2ce6f3a35d9278c39159d345cf6bbf	26	src/fine/extensions/e08_prediction/run_e08_prediction.py	d0f673f6d120030ee534826718df813e0dc280763444e795e43e2da6f9792118	FROZEN_SOURCE_CURRENT
FigS5a	FigS5	OP3 absolute language/reference metrics	6 cross-donor tasks; constants retain undefined ordering	sources/deep/R3/l2_l3_task_join.tsv	b31a5aa6d606b1c7a9a8da71ce86a70b51098b167f111929617287c5468e661f	36	src/paper/kaggle_matched/code/r3app/producer.py	5a9b55e13f96a0a13679d05bf3af0b2d761afa03d58b9b90e79e7bb89010335f	FROZEN_SOURCE_CURRENT
FigS5a	FigS5	OP3 absolute language/reference metrics	6 cross-donor tasks; constants retain undefined ordering	sources/deep/R3/l2_macro_summary.tsv	ae83557ac35a7325c5b00e976abc7a0c1537b471f6e4ecaa2ad4c619875c6d1a	6	src/paper/kaggle_matched/code/r3app/producer.py	5a9b55e13f96a0a13679d05bf3af0b2d761afa03d58b9b90e79e7bb89010335f	FROZEN_SOURCE_CURRENT
FigS5a	FigS5	OP3 absolute language/reference metrics	6 cross-donor tasks; constants retain undefined ordering	sources/deep/added/baseline_l2_task_metrics.tsv	22454ef5c9d88240d681ad2146d9f7c89a3b4b2ef9c8d7cbbd74fd9d61101022	18	src/paper/kaggle_matched/code/r3app/producer.py	5a9b55e13f96a0a13679d05bf3af0b2d761afa03d58b9b90e79e7bb89010335f	FROZEN_SOURCE_CURRENT
FigS5a	FigS5	OP3 absolute language/reference metrics	6 cross-donor tasks; constants retain undefined ordering	sources/deep/added/baseline_l2_macro_summary.tsv	6ec502c15549320c68b62a21bd4b8bb17219a8cf0a762952e1ba12784b892ade	3	src/paper/kaggle_matched/code/r3app/producer.py	5a9b55e13f96a0a13679d05bf3af0b2d761afa03d58b9b90e79e7bb89010335f	FROZEN_SOURCE_CURRENT
FigS5a	FigS5	OP3 absolute language/reference metrics	6 cross-donor tasks; constants retain undefined ordering	sources/deep/R3/l3_task_metrics.tsv	fd49eac68675a852f7a2e18031606e4fa2ba6a12002924d3798d7bb9da94553b	78	src/paper/kaggle_matched/code/r3app/producer.py	5a9b55e13f96a0a13679d05bf3af0b2d761afa03d58b9b90e79e7bb89010335f	FROZEN_SOURCE_CURRENT
FigS5a	FigS5	OP3 absolute language/reference metrics	6 cross-donor tasks; constants retain undefined ordering	sources/deep/R3/l3_macro_summary.tsv	f1a1949a969ad9f31f8950a71439c4b65d9262208f3b35cb2e4bbe99012afd75	13	src/paper/kaggle_matched/code/r3app/producer.py	5a9b55e13f96a0a13679d05bf3af0b2d761afa03d58b9b90e79e7bb89010335f	FROZEN_SOURCE_CURRENT
FigS5b	FigS5	OP3 paired reference details	Identical task/common-valid-gene support within each pair	sources/deep/R3/baseline_paired_differences.tsv	1716a2b3a1ed375483f2ea6e6c412c5d19d846b6f2dd35a2b648e43fa7361f76	252	src/paper/kaggle_matched/code/r3app/producer.py	5a9b55e13f96a0a13679d05bf3af0b2d761afa03d58b9b90e79e7bb89010335f	FROZEN_SOURCE_CURRENT
FigS5c	FigS5	sci-Plex 3 LOCO prediction references	Independent fine source-information comparison	sources/deep/legacy/deep/r4/r4ab_direct_and_reference.tsv	70d78c739abb8eeb9452f2c6d54499c937f82397acdd9c8eff7101846645a841	39	src/fine/code/run_sciplex_prediction_v2.py	f9f2379033285ca9cea58f45641acbba2de34b51e77082478b5128e166290182	FROZEN_SOURCE_CURRENT
FigS5c	FigS5	sci-Plex 3 LOCO prediction references	Independent fine source-information comparison	sources/deep/legacy/deep/r4/sciplex_loco_macro_summary.tsv	f6b17012019338839297bb4093a5a4a376bf5eafd34132dac51bd17abd76bcaa	58	src/fine/code/run_sciplex_prediction_v2.py	f9f2379033285ca9cea58f45641acbba2de34b51e77082478b5128e166290182	FROZEN_SOURCE_CURRENT
FigS5d	FigS5	OP3 reference-stratified mean and task range	former main baseline panel retained as supplementary diagnostic	sources/deep/R3/baseline_paired_differences.tsv	1716a2b3a1ed375483f2ea6e6c412c5d19d846b6f2dd35a2b648e43fa7361f76	252	src/paper/kaggle_matched/code/r3app/producer.py	5a9b55e13f96a0a13679d05bf3af0b2d761afa03d58b9b90e79e7bb89010335f	FROZEN_SOURCE_CURRENT
FigS5e	FigS5	Supplementary OP3 four-endpoint encoder rank profile	Four-endpoint encoder rank profile retained as a supplementary descriptive view	sources/deep/R3/l2_l3_task_join.tsv	b31a5aa6d606b1c7a9a8da71ce86a70b51098b167f111929617287c5468e661f	36	src/paper/kaggle_matched/code/r3app/producer.py	5a9b55e13f96a0a13679d05bf3af0b2d761afa03d58b9b90e79e7bb89010335f	FROZEN_SOURCE_CURRENT
FigS5e	FigS5	Supplementary OP3 four-endpoint encoder rank profile	Four-endpoint encoder rank profile retained as a supplementary descriptive view	sources/deep/R3/l2_macro_summary.tsv	ae83557ac35a7325c5b00e976abc7a0c1537b471f6e4ecaa2ad4c619875c6d1a	6	src/paper/kaggle_matched/code/r3app/producer.py	5a9b55e13f96a0a13679d05bf3af0b2d761afa03d58b9b90e79e7bb89010335f	FROZEN_SOURCE_CURRENT
FigS5e	FigS5	Supplementary OP3 four-endpoint encoder rank profile	Four-endpoint encoder rank profile retained as a supplementary descriptive view	sources/deep/R3/l3_macro_summary.tsv	f1a1949a969ad9f31f8950a71439c4b65d9262208f3b35cb2e4bbe99012afd75	13	src/paper/kaggle_matched/code/r3app/producer.py	5a9b55e13f96a0a13679d05bf3af0b2d761afa03d58b9b90e79e7bb89010335f	FROZEN_SOURCE_CURRENT
FigS6a	FigS6	Strict drug and drug-by-cell-line holdouts	185 parent-structure groups; different allowed source responses	sources/deep/legacy/deep/r4/r4e_unseen_entity.tsv	655eabf5d65d916680504fac29a524f51d8a4ffcf9a209113fc7ceb2403e6331	180	src/fine/code/run_sciplex_unseen_entity_v1.py	0cefcb54a5fc22701788e87154887360af4f6d07148846739593fe1d56ae0893	FROZEN_SOURCE_CURRENT
FigS6b	FigS6	Baseline-state diagnostics	Full range plus zoom; frozen diagnostic cohort	sources/deep/legacy/deep/r4/r4c_paired_state.tsv	61ba70bcc0eb7aebb6e376b7ebdbf6a9aac830964f282f338d602d0da30eba7f	27	src/fine/code/run_response_diagnostics_v1.py	e65118f5d7e988c957727c8cc64908a4aa2d01f055880a9e20f97d3e75dc5faa	FROZEN_SOURCE_CURRENT
FigS6b	FigS6	Baseline-state diagnostics	Full range plus zoom; frozen diagnostic cohort	sources/deep/legacy/deep/r4/r4d_paired_state.tsv	dca8b37f6ce25daf508dfb07b85fc989a55414c42040c7edd1b71dd5fe923497	54	src/fine/code/run_response_diagnostics_v1.py	e65118f5d7e988c957727c8cc64908a4aa2d01f055880a9e20f97d3e75dc5faa	FROZEN_SOURCE_CURRENT
FigS6c	FigS6	Source-selected (+)-JQ1 example	NEAT1 selected from source response only; same-drug source mean	sources/deep/legacy/deep/r4/r4f_JQ1_source_selected_gene.tsv	a3873d903781bdadf3114d62fe89f1a299f796a8056d97fb674750f40e842009	24	src/fine/code/build_local_response_display_v1.py	4ebefb7df4408edf09dfd60f9e384fcc57a1f06d5130fc5dbea202d41b6c7f8e	FROZEN_SOURCE_CURRENT
