perm_index	perm_id	design_seed	jitter_amplitude	candidate_rep	total_length_cost	cost_ratio_to_global_optimum	mean_char_abs_relative_diff	median_char_length_ratio	max_char_length_ratio	mean_token_abs_relative_diff	median_token_length_ratio	max_token_length_ratio	mean_char_abs_diff	mean_token_abs_diff
0	length_balanced_00	2026100525	0.02	31	5.487092664300025	0.9999999999999999	0.10882772175216503	1.0390625	1.872628726287263	0.09583565537688328	1.0909090909090908	2.0	18.035087719298247	2.245614035087719
1	length_balanced_01	2026100527	0.1	29	6.028964247300046	1.0987538604050795	0.125899324775053	1.0584795321637428	1.872628726287263	0.09915320728574657	1.0555555555555556	2.0	19.403508771929825	2.280701754385965
2	length_balanced_02	2026100527	0.1	1	5.814188305284083	1.0596118310726184	0.12448372171241358	1.0579710144927537	1.872628726287263	0.09345971384987087	1.0555555555555556	2.0	19.789473684210527	2.175438596491228
3	length_balanced_03	2026100526	0.1	9	5.95897611239243	1.085998811567838	0.13224856683363836	1.0891089108910892	1.872628726287263	0.0891373513875576	1.0512820512820513	2.0	20.63157894736842	2.1403508771929824
4	length_balanced_04	2026100533	0.1	41	5.995027567869392	1.0925690405912183	0.13554578763373945	1.1111111111111112	1.872628726287263	0.08799392875234388	1.0	2.0	20.912280701754387	2.1403508771929824
5	length_balanced_05	2026100538	0.1	1	5.8232453657640235	1.0612624429784219	0.12525727173756349	1.064	1.872628726287263	0.09118257530829074	1.0555555555555556	2.0	19.228070175438596	2.210526315789474
6	length_balanced_06	2026100536	0.1	70	5.841641409752333	1.0646150460988315	0.12528590212490381	1.0584795321637428	1.872628726287263	0.09392403100393872	1.0555555555555556	2.0	19.403508771929825	2.210526315789474
7	length_balanced_07	2026100532	0.1	24	5.944775657723017	1.083410837291077	0.13184739636123896	1.0634920634920635	1.872628726287263	0.09382309496932174	1.0	2.0	20.666666666666668	2.1052631578947367
8	length_balanced_08	2026100538	0.1	72	5.974778899418132	1.0888788043057986	0.12401399560919857	1.0579710144927537	1.872628726287263	0.0972905580602576	1.0769230769230769	2.0	19.36842105263158	2.280701754385965
9	length_balanced_09	2026100538	0.1	69	5.866746600377191	1.069190363513862	0.12714223633227095	1.064	1.872628726287263	0.09429533047496119	1.0555555555555556	2.0	19.403508771929825	2.210526315789474
10	length_balanced_10	2026100530	0.2	25	5.994990166701903	1.0925622243827493	0.12732759506331578	1.0704225352112675	1.872628726287263	0.09501925725139772	1.0526315789473684	2.0	20.0	2.280701754385965
11	length_balanced_11	2026100527	0.1	49	6.033768011750512	1.0996293266573116	0.13498472439650086	1.1090909090909091	1.872628726287263	0.0900245525199727	1.0526315789473684	2.0	20.105263157894736	2.175438596491228
12	length_balanced_12	2026100528	0.1	38	5.802648389593912	1.0575087290482528	0.13005871904486946	1.0793650793650793	1.872628726287263	0.08751302895581756	1.0	2.0	20.49122807017544	2.1052631578947367
13	length_balanced_13	2026100523	0.1	58	5.840556542047372	1.0644173334354352	0.11440553394344131	1.0555555555555556	1.872628726287263	0.10523496025115604	1.1	2.0	18.666666666666668	2.3157894736842106
14	length_balanced_14	2026100534	0.2	69	5.874295744931943	1.0705661639635005	0.1255124089362158	1.0584795321637428	1.872628726287263	0.09301944778228234	1.0555555555555556	2.0	19.36842105263158	2.210526315789474
15	length_balanced_15	2026100540	0.2	13	5.922453898984538	1.079342788853749	0.1246558483811036	1.064	1.872628726287263	0.09703553937860498	1.0555555555555556	2.0	19.614035087719298	2.245614035087719
16	length_balanced_16	2026100521	0.1	77	5.977553838388381	1.089384525484576	0.1278586494300721	1.0935672514619883	1.872628726287263	0.0951392072965144	1.0714285714285714	2.0	20.24561403508772	2.210526315789474
17	length_balanced_17	2026100532	0.2	67	6.00728578596866	1.0948030502661457	0.12898400666713877	1.0704225352112675	1.872628726287263	0.0934494732815599	1.0526315789473684	2.0	19.68421052631579	2.245614035087719
18	length_balanced_18	2026100528	0.2	70	6.009008371645741	1.0951169843989312	0.13237482611714044	1.0793650793650793	1.872628726287263	0.09387361235650558	1.0	2.0	20.842105263157894	2.1403508771929824
19	length_balanced_19	2026100526	0.2	76	6.018040554394396	1.0967630624408458	0.1283581878277818	1.0579710144927537	1.872628726287263	0.09761987704592472	1.0714285714285714	2.0	19.894736842105264	2.280701754385965
