source_entity_key	text_sha256	n_chars	n_whitespace_tokens
localentity:028d462217cb771c4875d196	d942de671b2308a7ab59f39f18949c0f07f93b6768138c2720aacad06b3fbf8d	36	5
localentity:07aa24afd39f643b44d67ee7	b6efa4d5ac11967babed26627536e32c9a19d562d5fa150f056f7744217939c6	55	6
localentity:1e21c490ec65c6aa8f1d84b7	04fbfd8af617351d4fe1d73b91d535ac0aa620a8b2567da12b8bdfed27807444	68	7
localentity:272e9169628f3a6ba7420d76	93d04f2aa026899ac953748e356c886a68c42013012ba6f6eca775c25cae4a01	48	9
localentity:2b1b3658c6caa3941ee28882	d942de671b2308a7ab59f39f18949c0f07f93b6768138c2720aacad06b3fbf8d	36	5
localentity:2e169a0857dc1d4f0315b724	c80c4516676027fbb57a05c76f9efbebd7221038647165221af116aa69d65afb	83	10
localentity:3310497069b0015d6d6866dc	81288f4bbd9799f7de93789ca60759f6382eb12b1942b0395d10fda06005e4d6	171	20
localentity:36b6809cd394b93106bc4aaf	2f633ad1cb4e3029dacc27a126a04e57fc0fe03da3b8baf559db189b0dd7f1cb	85	11
localentity:40b4083f36b311a7ee5ae78e	59a0c61d78b8bf664c061fca507c003c8899e0328136e92de65b0f461cbcb040	133	13
localentity:454114ced8f67b52dae3185e	35ded772a20b7fbb3c620927a1460f61856d06d496d88ea19d6c36c0188b0899	101	11
localentity:462e44494ff027730349f96b	1d8333f8fb7dcb825b9a1cd780cac90c433ce67e18341c63f77119b3cb86eba6	73	7
localentity:50e3f15b00a2b0d9880bb228	63ac7e4ab709c319d833c06d289a7fd7af9d840d58f651410e402e8d7842553c	174	18
localentity:587893b0464eb19053263023	1d8333f8fb7dcb825b9a1cd780cac90c433ce67e18341c63f77119b3cb86eba6	73	7
localentity:5a14856655c54b0826e246b9	5b3ca63f99a0ccbc2a14f63444f3c7ae71f39a43b1e7f1203bb072723970b2ce	69	7
localentity:5bf84d38d462be69ef4627e7	274898f8f29c4a0ca79574c52ea2b0d2fa0041429dc5414d0cce4c18bef56274	52	6
localentity:5ce728e1957de53bf9e827ff	53f9602d11058cd80e3f37ca3ae833affc28eacb99cf2f92726ca27666b1ddd6	61	7
localentity:6286353b35f2d03c954476a4	1a27139960ee752b6a8f6231ccd228040c70faf034a073556d99fd78d32c12cd	45	6
localentity:6bfd4ac417754224d615e0fd	851d8b37b1bb22190bdf7f01230f17635dd14eb362ae05346a7e8271647ffb6c	68	8
localentity:6cfed425bbe09fd2228dcdec	ed0bb509307fea9c1b833c0d7e3e5313c42cfd669c9d19d24ccd9b810b63aa76	177	19
localentity:6ea0c6e37fddf8fd506a9d36	7341dff866fcad6c986ae9ab80a58d9627e36feb7e5dba6415fe8582414ab990	71	7
localentity:7059ad6b26889a2a5fb6d28f	7b73e415b7f1ffcb51a675e9f9874718829e1b0b6e0f245c194826331a288fd7	181	19
localentity:7536111106ec557185a3073b	6a381588b792d00e10645c33e2b246c2e8dbdbaf80400df2172c5e1674f28860	50	6
localentity:782fc52de3b3df027712c4dc	a40fd3def1140ad1bba96fe4389be43be9b052881fae50983fd2a798f43aa022	153	17
localentity:792c35007fd6b835fd4d16c4	d72295968fc84ec82aa3ab17c7cef3a38ed13483e6b557f6cf646e28957ba38a	99	13
localentity:7ded944e56e6a89265bc4eae	274898f8f29c4a0ca79574c52ea2b0d2fa0041429dc5414d0cce4c18bef56274	52	6
localentity:8883362cb7bc384cdfb665b3	cdc066e9f49b5c2fb8827c1f5709a1eb459a4fc63a5f435fad085dad1f35cfb3	379	41
localentity:8b6ebc5c05ad29d84c76f634	24130a414d9acc8b9e0212a9d40c7da3764d4cd6b31e33a1086a9d59ffaa6525	67	8
localentity:8bf1d242afa1e522b26081a6	7341dff866fcad6c986ae9ab80a58d9627e36feb7e5dba6415fe8582414ab990	71	7
localentity:960ef9ebe8b264bf1051ee8c	1a0a0eba4cf56d9491264d3df1549007d1f533b72f592c1dd5aef6e6132f66d5	187	23
localentity:9e736491b40ad49317383122	612987ee6997aed8fa39c1a8322093b5e85bad732a7b3d74ead7dbeb7c3956a2	148	15
localentity:9ebaad993a34cb81c36093e5	80a99ce643c3daa2647011f1e2918826823a9a9fe01849fb296533e8a4550208	61	6
localentity:a6ecf5ebe170b8f50a18418f	d942de671b2308a7ab59f39f18949c0f07f93b6768138c2720aacad06b3fbf8d	36	5
localentity:a7edcf0395abe679c80950da	e0a388cbaa922558e3f003bcafdff9e30d877ec0460ade601eacd926b751d8a2	691	78
localentity:aac1641eb6476d7d3274844b	274898f8f29c4a0ca79574c52ea2b0d2fa0041429dc5414d0cce4c18bef56274	52	6
localentity:aae4d88d7dd87a6b9b170cac	8fae9830656ace746d823f9b6392200ed2dd591fbc50da14e550ffd94e51dfd1	125	11
localentity:ad9318e0877eeaae6a8bbcfd	94100b5ed4a54caf7ceb9240fbf5fd03f3a48f3fae05ffdf6dd43e0d4a867adf	54	8
localentity:b18ef729b45b2c454ac8932c	8563557a9e62ba1e88d03fa5151ec3c4b6961a0264b5de8124c7cb52d75e99dd	110	12
localentity:b4cfbd0ef230b997b022b207	b1c1241e17aca8ecd9ff64fa8a44e3cfa8b01e15ed834a54e2380c5ff0ef94bd	132	15
localentity:b4e7d8261502f18b0a9cbc87	4845617182a06160ee3c7a095ce9a95bb8464c3b734de30ef1dd961e5f09ec21	97	11
localentity:b50e885a27329923556ea367	aad5fd5d9cca3ddbf8a90253a4561980ca60771585f0e8b7ae621777c594907a	76	8
localentity:b74ff55a2dc32c1ea5811fca	36afba0acdfc13e711109c074586876f9a4f15063ecb4075ece57f315eacaf4f	49	5
localentity:b8414499f9575213bc9951c5	5967f7b34279a307fce6ff054e26b2389341c16dc21d2ce884e098c9b8a46628	60	6
localentity:bffd6428b58a617fcc19a9b8	1d8333f8fb7dcb825b9a1cd780cac90c433ce67e18341c63f77119b3cb86eba6	73	7
localentity:c1f58836c56bd545ab620fd4	90d984635d0cc6bb66a9539ed83153a79dd8b9ab8d5245ceaff2b02d5b2a9826	57	8
localentity:c74fdff99aead8264ce65d91	e87ba8e48fd8bc4d9a401ab5aa874c6f1f6dce49407760df2bc93c3417ab7ba7	233	25
localentity:d23e1f8eaba7eba32c459796	55f3cd643eb9cfc1d63969b6f8834701d8783371fccecedac65b7b005d370208	63	8
localentity:d321ea3d68897e0102a9df19	55f3cd643eb9cfc1d63969b6f8834701d8783371fccecedac65b7b005d370208	63	8
localentity:dc353cf1b082054fe3df3b93	00f2a54a074be251c2b6a807bf2a2bed61ee2a07a14fd06ad752ca2605e7d49a	73	7
localentity:ddcd67031137902587164378	7341dff866fcad6c986ae9ab80a58d9627e36feb7e5dba6415fe8582414ab990	71	7
localentity:de0da30e013fa9b0ac4f3ed8	cb6d0c7d700ff6c2f2beef588640dc100d673f712b49c5e87e7a6e5f26a49da4	128	14
localentity:e24cdf9c28a133f1f759182c	7729d359e95bcc669735c6b140878e92b5a69a0c31d217cc3178754fc515af07	71	9
localentity:e5404f13bc1e889099bae606	d58d2b6d4cfc44384af536672e0af7539b9dc919b0a6fc3d9e392258f4b1efec	369	39
localentity:e63625c4cedf6c47f2eb071c	274898f8f29c4a0ca79574c52ea2b0d2fa0041429dc5414d0cce4c18bef56274	52	6
localentity:eb7bac7a626cb929ed6d43aa	35ded772a20b7fbb3c620927a1460f61856d06d496d88ea19d6c36c0188b0899	101	11
localentity:ec908be7a236c726e270b643	2f9dbc62c95bb68953a92d1e80f5f3f2e9e6fd873e180e77c5cfa8f9817f2ad1	213	20
localentity:fcc22f2eac4763de5ab3b970	011974d219bab421b78dfed01b30b647f142848b74956d1c3c6679b62f9ceb89	272	31
localentity:fdb3569df605118d8a98eb43	d942de671b2308a7ab59f39f18949c0f07f93b6768138c2720aacad06b3fbf8d	36	5
