dataset_id	result1_dataset_id	family_group	analysis_role	enabled	h5ad_path	condition_id_column	control_column	control_value	layer	expression_state	use_hvg	n_hvg	notes
norman_2019	norman_2019_raw_with_minimal_context_schema	genetic	main	true	1_GeneticPerturbationDatasets/1_NormanWeissman2019/1_condition/norman_2019_raw_with_minimal_context_schema.h5ad	C_condition_id	C_control_indicator	True	X	raw_counts	true	3000	NormanWeissman2019 CRISPRa single/combo
replogle_k562_essential	K562_essential	genetic	main	true	1_GeneticPerturbationDatasets/2_ReplogleWeissman2022/K562_essential/1_condition/ReplogleWeissman2022_K562_essential_with_minimal_context_schema.h5ad	C_condition_id	C_control_indicator	True	X	raw_counts	true	3000	Replogle K562 essential
replogle_k562_gwps	K562_gwps	genetic	main	false	1_GeneticPerturbationDatasets/2_ReplogleWeissman2022/K562_gwps/1_condition/ReplogleWeissman2022_K562_gwps_with_minimal_context_schema.h5ad	C_condition_id	C_control_indicator	True	X	raw_counts	true	3000	Replogle K562 GWPS | disabled by design
replogle_rpe1	rpe1	genetic	main	true	1_GeneticPerturbationDatasets/2_ReplogleWeissman2022/rpe1/1_condition/ReplogleWeissman2022_rpe1_with_minimal_context_schema.h5ad	C_condition_id	C_control_indicator	True	X	raw_counts	true	3000	Replogle RPE1
tian_activation	TianKampmann2021_CRISPRa_with_minimal_context_schema	genetic	main	true	1_GeneticPerturbationDatasets/3_TianActivation/1_condition/TianKampmann2021_CRISPRa_with_minimal_context_schema.h5ad	C_condition_id	C_control_indicator	True	X	raw_counts	true	3000	Tian/Kampmann CRISPRa
tian_inhibition	TianKampmann2021_CRISPRi_with_minimal_context_schema	genetic	main	true	1_GeneticPerturbationDatasets/3_TianInhibition/1_condition/TianKampmann2021_CRISPRi_with_minimal_context_schema.h5ad	C_condition_id	C_control_indicator	True	X	raw_counts	true	3000	Tian/Kampmann CRISPRi
srivatsan_sciplex3	SrivatsanTrapnell2020_sciplex3_with_minimal_context_schema	drug	main	true	2_DrugOrSmallmoleculePerturbationDatasets/1_SrivatsanTrapnell2020_sciPlex3/1_condition/SrivatsanTrapnell2020_sciplex3_with_minimal_context_schema.h5ad	C_condition_id	C_control_indicator	True	X	raw_counts	true	3000	Srivatsan sciPlex3
mcfarland_2020	McFarlandTsherniak2020_with_minimal_context_schema	drug	main	true	2_DrugOrSmallmoleculePerturbationDatasets/2_McFarland2020/1_condition/McFarlandTsherniak2020_with_minimal_context_schema.h5ad	C_condition_id	C_control_indicator	True	X	raw_counts	true	3000	McFarland drug perturbation
kaggle_cross_patient	KaggleCrossPatient_with_minimal_context_schema_v2	drug	main	true	2_DrugOrSmallmoleculePerturbationDatasets/3_KaggleCrossPatient/1_condition/KaggleCrossPatient_with_minimal_context_schema_v2.h5ad	C_condition_id	C_control_indicator	True	X	log1p_library_normalized	true	3000	Kaggle Open Problems normalized_count: released library-size normalized and log1p transformed
combo_sciplex	ComboSciPlex_with_minimal_context_schema_v2	drug_combo	main	true	2_DrugOrSmallmoleculePerturbationDatasets/4_sciPlex3_comb/1_condition/ComboSciPlex_with_minimal_context_schema_v2.h5ad	C_condition_id	C_control_indicator	True	counts	raw_counts	true	3000	Combo sciPlex3; raw counts read from layers[counts], while X is preprocessed 5000-HVG expression
kang2018	Kang2018	cytokine	case_study	true	3_CytokineLigandGrowthFactorPerturbationDatasets/Kang2018/1_condition/Kang2018_with_minimal_context_schema.h5ad	C_condition_id	C_control_indicator	True	X	raw_counts	true	3000	Kang IFNB case study
tcdd	TCDD	environmental	case_study	true	4_EnvironmentalCulture_conditionPerturbationDatasets/TCDD/1_condition/GSE148339_TCDD_with_minimal_context_schema.h5ad	C_condition_id	C_control_indicator	True	X	raw_counts	true	3000	TCDD environmental case study
haber	Haber_with_minimal_context_schema	immune_infection	case_study	true	5_Biological_ImmuneStimulus_InfectionPerturbationDatasets/1_Haber/1_condition/Haber_with_minimal_context_schema.h5ad	C_condition_id	C_control_indicator	True	X	raw_counts	true	3000	Haber infection/immune case study
hagai_cross_species	HagaiCrossSpecies_with_minimal_context_schema	immune_infection	case_study	true	5_Biological_ImmuneStimulus_InfectionPerturbationDatasets/2_CrossSpecies/1_condition/HagaiCrossSpecies_with_minimal_context_schema.h5ad	C_condition_id	C_control_indicator	True	X	raw_counts	true	3000	Hagai cross-species case study
bcell_flu	BcellFlu_with_minimal_context_schema	immune_infection	case_study	true	5_Biological_ImmuneStimulus_InfectionPerturbationDatasets/3_B_cell_pre/1_condition/BcellFlu_with_minimal_context_schema.h5ad	C_condition_id	C_control_indicator	True	X	raw_counts	true	3000	B-cell flu case study
gse236581	GSE236581_with_minimal_context_schema	immune_infection	case_study	true	5_Biological_ImmuneStimulus_InfectionPerturbationDatasets/4_GSE236581/1_condition/GSE236581_with_minimal_context_schema.h5ad	C_condition_id	C_control_indicator	True	X	raw_counts	true	3000	GSE236581 case study
